{
    "Meta": {
        "1.Train": 3.5,
        "Size Train": 20000076,
        "2.Test": "data/ml-25m/r2.test",
        "3.Measurements": 3
    },
    "B.1": {
        "1.GlobalAvg": 3.5431953608576285,
        "2.User1Avg": 3.8214285714285716,
        "3.Item1Avg": 3.9003661486825187,
        "4.Item1AvgDev": 0.2847583380596786,
        "5.PredUser1Item1": 4.157036612713193
    },
    "B.2": {
        "1.GlobalAvgMAE": 0.8340250586446869,
        "2.UserAvgMAE": 0.8340065599061488,
        "3.ItemAvgMAE": 0.7329878956733931,
        "4.BaselineMAE": 0.834001136302259
    },
    "B.3": {
        "1.GlobalAvg": {
            "average (ms)": 1390.1484686666665,
            "stddev (ms)": 74.69296255646618
        },
        "2.UserAvg": {
            "average (ms)": 3509.6389246666663,
            "stddev (ms)": 252.1190003500087
        },
        "3.ItemAvg": {
            "average (ms)": 7201.979026666667,
            "stddev (ms)": 254.78476986107265
        },
        "4.Baseline": {
            "average (ms)": 6230.869466333334,
            "stddev (ms)": 122.07150138944505
        }
    }
}