{
    "Meta": {
        "1.Train": 3,
        "Size Train": 80000,
        "2.Test": "data/ml-100k/u2.test",
        "3.Measurements": 3
    },
    "B.1": {
        "1.GlobalAvg": 3.5264625,
        "2.User1Avg": 3.63302752293578,
        "3.Item1Avg": 3.888268156424581,
        "4.Item1AvgDev": 0.3027072341444875,
        "5.PredUser1Item1": 4.046819980619529
    },
    "B.2": {
        "1.GlobalAvgMAE": 0.9489109899999697,
        "2.UserAvgMAE": 0.8383401457987351,
        "3.ItemAvgMAE": 0.8206951490543668,
        "4.BaselineMAE": 0.7604467914538644
    },
    "B.3": {
        "1.GlobalAvg": {
            "average (ms)": 17.96557333333333,
            "stddev (ms)": 1.170730131783107
        },
        "2.UserAvg": {
            "average (ms)": 47.981192666666665,
            "stddev (ms)": 24.84900381544748
        },
        "3.ItemAvg": {
            "average (ms)": 39.78873433333333,
            "stddev (ms)": 11.544336307100618
        },
        "4.Baseline": {
            "average (ms)": 71.59345433333334,
            "stddev (ms)": 24.886643385438518
        }
    }
}