{
    "Meta": {
        "1.Train": 3,
        "Size Train": 80000,
        "2.Test": "data/ml-100k/u2.test",
        "3.Measurements": 3
    },
    "B.1": {
        "1.GlobalAvg": 3.5264625,
        "2.User1Avg": 3.63302752293578,
        "3.Item1Avg": 3.888268156424581,
        "4.Item1AvgDev": 0.3027072341444875,
        "5.PredUser1Item1": 4.046819980619529
    },
    "B.2": {
        "1.GlobalAvgMAE": 0.9489109899999697,
        "2.UserAvgMAE": 0.8383401457987351,
        "3.ItemAvgMAE": 0.8206951490543668,
        "4.BaselineMAE": 0.7604467914538644
    },
    "B.3": {
        "1.GlobalAvg": {
            "average (ms)": 3.8709643333333332,
            "stddev (ms)": 1.8699621020327895
        },
        "2.UserAvg": {
            "average (ms)": 42.96247366666666,
            "stddev (ms)": 29.766241602164943
        },
        "3.ItemAvg": {
            "average (ms)": 38.369203666666664,
            "stddev (ms)": 9.451760177677537
        },
        "4.Baseline": {
            "average (ms)": 74.306647,
            "stddev (ms)": 46.245515399649605
        }
    }
}