{
    "Meta": {
        "1.Train": 3,
        "Size Train": 80000,
        "2.Test": "data/ml-100k/u2.test",
        "3.Measurements": 3
    },
    "B.1": {
        "1.GlobalAvg": 3.5264625,
        "2.User1Avg": 3.63302752293578,
        "3.Item1Avg": 3.888268156424581,
        "4.Item1AvgDev": 0.3027072341444875,
        "5.PredUser1Item1": 4.046819980619529
    },
    "B.2": {
        "1.GlobalAvgMAE": 0.9489109899999697,
        "2.UserAvgMAE": 0.8383401457987351,
        "3.ItemAvgMAE": 0.8206951490543668,
        "4.BaselineMAE": 0.7604467914538644
    },
    "B.3": {
        "1.GlobalAvg": {
            "average (ms)": 4.556333333333334,
            "stddev (ms)": 0.740772148204531
        },
        "2.UserAvg": {
            "average (ms)": 25.03323333333333,
            "stddev (ms)": 16.783063711240434
        },
        "3.ItemAvg": {
            "average (ms)": 20.444566666666667,
            "stddev (ms)": 6.43944452538847
        },
        "4.Baseline": {
            "average (ms)": 80.90583333333335,
            "stddev (ms)": 29.89739604551243
        }
    }
}