{
    "Meta": {
        "1.Train": 3,
        "Size Train": 80000,
        "2.Test": "data/ml-100k/u2.test",
        "3.Measurements": 3
    },
    "B.1": {
        "1.GlobalAvg": 3.5264625,
        "2.User1Avg": 3.63302752293578,
        "3.Item1Avg": 3.888268156424581,
        "4.Item1AvgDev": 0.3027072341444875,
        "5.PredUser1Item1": 4.046819980619529
    },
    "B.2": {
        "1.GlobalAvgMAE": 0.9489109899999697,
        "2.UserAvgMAE": 0.8383401457987351,
        "3.ItemAvgMAE": 0.8188963496888565,
        "4.BaselineMAE": 0.7604467914538644
    },
    "B.3": {
        "1.GlobalAvg": {
            "average (ms)": 2.5531333333333337,
            "stddev (ms)": 0.6732551093175768
        },
        "2.UserAvg": {
            "average (ms)": 12.107899999999999,
            "stddev (ms)": 1.844642200175055
        },
        "3.ItemAvg": {
            "average (ms)": 27.987233333333336,
            "stddev (ms)": 2.9438349414024927
        },
        "4.Baseline": {
            "average (ms)": 126.38826666666667,
            "stddev (ms)": "Vector(190.4241, 96.6219, 92.1188)"
        }
    }
}