{
    "Meta": {
        "1.Train": "data/ml-100k/u2.base",
        "2.Test": "data/ml-100k/u2.test",
        "3.Measurements": 1
    },
    "N.1": {
        "1.k10u1v1": 1.0000000000000033,
        "2.k10u1v864": 0.24232304952129607,
        "3.k10u1v886": 0.21407122434306114,
        "4.PredUser1Item1": 3.7112532563780123
    },
    "N.2": {
        "1.kNN-Mae": [
            [
                10,
                0
            ],
            [
                30,
                0
            ],
            [
                50,
                0
            ],
            [
                100,
                0
            ],
            [
                200,
                0
            ],
            [
                300,
                0
            ],
            [
                400,
                0
            ],
            [
                800,
                0
            ],
            [
                943,
                0
            ]
        ]
    },
    "N.3": {
        "1.kNN": {
            "average (ms)": 1008.6694,
            "stddev (ms)": 0
        }
    }
}