{
    "Meta": {
        "1.Train": "data/ml-100k/u2.base",
        "2.Test": "data/ml-100k/u2.test",
        "3.Measurements": 3
    },
    "N.1": {
        "2.k10u1v864": 0.24232304952129619
    },
    "N.2": {
        
    },
    "N.3": {
        "1.kNN": {
            "average (ms)": 0.004798666666666667,
            "stddev (ms)": 0.005783438558120553
        }
    }
}