{
    "Meta": {
        "1.Train": "data/ml-100k/u2.base",
        "2.Test": "data/ml-100k/u2.test",
        "3.Measurements": 0
    },
    "N.1": {
        "1.k10u1v1": 0,
        "2.k10u1v864": 0.24232304952129607,
        "3.k10u1v886": 0,
        "4.PredUser1Item1": 4.319093503763853
    },
    "N.2": {
        "1.kNN-Mae": [
            [
                10,
                0.8287277961963556
            ]
        ]
    },
    "N.3": {
        "1.kNN": {
            "average (ms)": 0,
            "stddev (ms)": 0
        }
    }
}