{
    "Meta": {
        "1.Train": "data/ml-100k/u2.base",
        "2.Test": "data/ml-100k/u2.test",
        "3.Measurements": 3
    },
    "N.1": {
        "1.k10u1v1": 0,
        "2.k10u1v864": 0.24232304952129619,
        "3.k10u1v886": 0,
        "4.PredUser1Item1": 4.319093503763853
    },
    "N.2": {
        "1.kNN-Mae": [
            [
                10,
                0.8287277961963556
            ],
            [
                30,
                0.7810159297022552
            ],
            [
                50,
                0.7618177645096202
            ],
            [
                100,
                0.7466933141115234
            ],
            [
                200,
                0.7400576932631326
            ],
            [
                300,
                0.7391562504199767
            ],
            [
                400,
                0.7391278977539376
            ],
            [
                800,
                0.73926127839203
            ],
            [
                943,
                0.7372314455896454
            ]
        ]
    },
    "N.3": {
        "1.kNN": {
            "average (ms)": 12540.25222,
            "stddev (ms)": 227.3384618693672
        }
    }
}