{
    "Meta": {
        "1.Train": "data/ml-100k/u2.base",
        "2.Test": "data/ml-100k/u2.test",
        "3.Measurements": 0
    },
    "P.1": {
        "1.PredUser1Item1": 3.5264625,
        "2.OnesMAE": 0.9489109899999697
    },
    "P.2": {
        "1.AdjustedCosineUser1User2": 0.07303711860794568,
        "2.PredUser1Item1": 3.63302752293578,
        "3.AdjustedCosineMAE": 0.9487922315533093
    },
    "P.3": {
        "1.JaccardUser1User2": 0.03187250996015936,
        "2.PredUser1Item1": 3.63302752293578,
        "3.JaccardPersonalizedMAE": 0.9487922315533093
    }
}