{
    "Meta": {
        "1.Train": "data/ml-100k/u2.base",
        "2.Test": "data/ml-100k/u2.test",
        "3.Measurements": 0
    },
    "P.1": {
        "1.PredUser1Item1": 4.046819980619529,
        "2.OnesMAE": 0.7604467914538644
    },
    "P.2": {
        "1.AdjustedCosineUser1User2": 0.07303711860794568,
        "2.PredUser1Item1": 4.08702725876936,
        "3.AdjustedCosineMAE": 0.7372314455896454
    },
    "P.3": {
        "1.JaccardUser1User2": 0.03187250996015936,
        "2.PredUser1Item1": 4.098236648361599,
        "3.JaccardPersonalizedMAE": 0.7556138848602905
    }
}